<?xml version="1.0" encoding="UTF-8"?>
<project-private xmlns="http://www.netbeans.org/ns/project-private/1">
    <editor-bookmarks xmlns="http://www.netbeans.org/ns/editor-bookmarks/2" lastBookmarkId="0"/>
    <open-files xmlns="http://www.netbeans.org/ns/projectui-open-files/2">
        <group>
            <file>file:/C:/practicalnew/new%20garment/AquaLite_Garment_new/src/View/viewproduct.java</file>
            <file>file:/C:/practicalnew/new%20garment/AquaLite_Garment_new/src/View/sal_cal.java</file>
            <file>file:/C:/practicalnew/new%20garment/AquaLite_Garment_new/src/View/UpdateEmployee.java</file>
            <file>file:/C:/practicalnew/new%20garment/AquaLite_Garment_new/src/View/Employee.java</file>
            <file>file:/C:/practicalnew/new%20garment/AquaLite_Garment_new/src/View/ViewSalary.java</file>
        </group>
    </open-files>
</project-private>
